Description,Country,Revenue
 SPACEBOY BABY GIFT SET,Australia,0.0
15CM CHRISTMAS GLASS BALL 20 LIGHTS,Australia,0.0
3 HEARTS HANGING DECORATION RUSTIC,Australia,0.0
3 PIECE SPACEBOY COOKIE CUTTER SET,Australia,0.0
3 TIER CAKE TIN GREEN AND CREAM,Australia,408.0
3 TIER CAKE TIN RED AND CREAM,Australia,717.5999999999999
36 DOILIES VINTAGE CHRISTMAS,Australia,360.0
36 FOIL HEART CAKE CASES,Australia,0.0
4 TRADITIONAL SPINNING TOPS,Australia,826.2
5 HOOK HANGER RED MAGIC TOADSTOOL,Australia,0.0
60 CAKE CASES DOLLY GIRL DESIGN,Australia,0.0
60 TEATIME FAIRY CAKE CASES,Australia,0.0
ADVENT CALENDAR GINGHAM SACK,Australia,107.10000000000001
ASSORTED COLOUR BIRD ORNAMENT,Australia,0.0
ASSORTED COLOUR MINI CASES,Australia,31.8
BAKING MOULD TOFFEE CUP CHOCOLATE,Australia,0.0
BEWARE OF THE CAT METAL SIGN ,Australia,0.0
BICYCLE SAFTEY WALL ART,Australia,962.9999999999999
BINGO SET,Australia,488.16
BISCUIT TIN 50'S CHRISTMAS,Australia,624.24
BISCUIT TIN VINTAGE CHRISTMAS,Australia,537.84
BISCUIT TIN VINTAGE GREEN,Australia,357.0
BISCUIT TIN VINTAGE RED,Australia,357.0
BLACK KITCHEN SCALES,Australia,0.0
BLACK RECORD COVER FRAME,Australia,650.88
BLACK/BLUE POLKADOT UMBRELLA,Australia,107.10000000000001
BLUE 3 PIECE POLKADOT CUTLERY SET,Australia,22.5
BLUE HAPPY BIRTHDAY BUNTING,Australia,530.4000000000001
BLUE HARMONICA IN BOX ,Australia,763.2
BOX OF 6 MINI 50'S CRACKERS,Australia,14.940000000000001
BOX OF VINTAGE JIGSAW BLOCKS ,Australia,0.0
BREAD BIN DINER STYLE IVORY,Australia,0.0
BREAD BIN DINER STYLE MINT,Australia,119.6
BUFFALO BILL TREASURE BOOK BOX,Australia,702.0
CAKE STAND 3 TIER MAGIC GARDEN,Australia,0.0
CAKE STAND WHITE TWO TIER LACE,Australia,0.0
CARRIAGE,Australia,0.0
CHARLOTTE BAG APPLES DESIGN,Australia,0.0
CHARLOTTE BAG DOLLY GIRL DESIGN,Australia,0.0
CHARLOTTE BAG SUKI DESIGN,Australia,0.0
CHARLOTTE BAG VINTAGE ALPHABET ,Australia,0.0
CHEST OF DRAWERS GINGHAM HEART ,Australia,0.0
CHILDREN'S APRON DOLLY GIRL ,Australia,0.0
CHILDRENS APRON APPLES DESIGN,Australia,0.0
CHILDRENS APRON SPACEBOY DESIGN,Australia,0.0
CHILDRENS CUTLERY CIRCUS PARADE,Australia,274.15
CHILDRENS CUTLERY SPACEBOY ,Australia,274.15
CHILLI LIGHTS,Australia,0.0
CHOCOLATE HOT WATER BOTTLE,Australia,0.0
CHOCOLATE THIS WAY METAL SIGN,Australia,0.0
CIRCUS PARADE BABY GIFT SET,Australia,0.0
CLOTHES PEGS RETROSPOT PACK 24 ,Australia,0.0
COFFEE MUG APPLES DESIGN,Australia,0.0
COFFEE MUG PINK PAISLEY DESIGN,Australia,0.0
COOK WITH WINE METAL SIGN ,Australia,0.0
CREAM CUPID HEARTS COAT HANGER,Australia,0.0
DINOSAUR LUNCH BOX WITH CUTLERY,Australia,0.0
DOG LICENCE WALL ART,Australia,962.9999999999999
DOLLY GIRL BABY GIFT SET,Australia,0.0
DOLLY GIRL CHILDRENS BOWL,Australia,0.0
DOORMAT FANCY FONT HOME SWEET HOME,Australia,0.0
DOORMAT TOPIARY,Australia,47.7
DOORMAT UNION FLAG,Australia,334.2
EDWARDIAN PARASOL BLACK,Australia,17.85
EDWARDIAN PARASOL NATURAL,Australia,0.0
EDWARDIAN PARASOL PINK,Australia,0.0
EDWARDIAN PARASOL RED,Australia,0.0
ENAMEL MEASURING JUG CREAM,Australia,68.0
FILIGRIS HEART WITH BUTTERFLY,Australia,0.0
FOLKART ZINC HEART CHRISTMAS DEC,Australia,0.0
FOOD COVER WITH BEADS SET 2 ,Australia,169.5
FUNKY DIVA PEN,Australia,0.0
GINGERBREAD MAN COOKIE CUTTER,Australia,0.0
GINGHAM HEART DECORATION,Australia,0.0
GLASS JAR MARMALADE ,Australia,61.199999999999996
GYMKHANA TREASURE BOOK BOX,Australia,766.8
HAND WARMER BIRD DESIGN,Australia,0.0
HANGING JAM JAR T-LIGHT HOLDER,Australia,30.599999999999998
HEART FILIGREE DOVE  SMALL,Australia,0.0
HEART FILIGREE DOVE LARGE,Australia,0.0
HEART IVORY TRELLIS SMALL,Australia,0.0
HOMEMADE JAM SCENTED CANDLES,Australia,1354.8
HOT BATHS METAL SIGN,Australia,0.0
I LOVE LONDON BABY GIFT SET,Australia,179.39999999999998
ICE CREAM SUNDAE LIP GLOSS,Australia,0.0
IVORY KITCHEN SCALES,Australia,0.0
JUMBO BAG DOLLY GIRL DESIGN,Australia,0.0
JUMBO BAG STRAWBERRY,Australia,0.0
JUMBO BAG VINTAGE LEAF,Australia,220.60000000000002
JUMBO STORAGE BAG SKULLS,Australia,0.0
LARGE DECO JEWELLERY STAND,Australia,0.0
LUNCH BAG PAISLEY PARK  ,Australia,0.0
LUNCH BOX I LOVE LONDON,Australia,316.79999999999995
LUNCH BOX WITH CUTLERY RETROSPOT ,Australia,0.0
MAGNETS PACK OF 4 CHILDHOOD MEMORY,Australia,0.0
MEDIUM CERAMIC TOP STORAGE JAR,Australia,200.93
MEMO BOARD RETROSPOT  DESIGN,Australia,0.0
METAL SIGN TAKE IT OR LEAVE IT ,Australia,17.700000000000003
MINI WOODEN HAPPY BIRTHDAY GARLAND,Australia,0.0
MINT KITCHEN SCALES,Australia,0.0
MISELTOE HEART WREATH CREAM,Australia,0.0
Manual,Australia,0.0
PACK 3 BOXES BIRD PANNETONE ,Australia,70.2
PACK OF 6 BIRDY GIFT TAGS,Australia,0.0
PACK OF 6 PANNETONE GIFT BOXES,Australia,91.8
PACK OF 6 SWEETIE GIFT BOXES,Australia,0.0
PANTRY ROLLING PIN,Australia,488.16
PAPER CHAIN KIT VINTAGE CHRISTMAS,Australia,316.1
PAPER LANTERN 9 POINT DELUXE STAR,Australia,0.0
PAPER LANTERN 9 POINT SNOW STAR ,Australia,17.25
PHOTO FRAME CORNICE,Australia,0.0
PICNIC BASKET WICKER SMALL,Australia,0.0
PINK 3 PIECE POLKADOT CUTLERY SET,Australia,0.0
PINK HAPPY BIRTHDAY BUNTING,Australia,579.45
PLASTERS IN TIN SKULLS,Australia,0.0
PLEASE ONE PERSON METAL SIGN,Australia,0.0
POPCORN HOLDER,Australia,0.0
POSTAGE,Australia,350.0
RAIN PONCHO RETROSPOT,Australia,0.0
RED  HARMONICA IN BOX ,Australia,1810.8000000000002
RED 3 PIECE RETROSPOT CUTLERY SET,Australia,292.5
RED GINGHAM TEDDY BEAR ,Australia,0.0
RED HANGING HEART T-LIGHT HOLDER,Australia,0.0
RED KITCHEN SCALES,Australia,0.0
RED RETROSPOT BUTTER DISH,Australia,29.700000000000003
RED RETROSPOT CHARLOTTE BAG,Australia,0.0
RED RETROSPOT CHILDRENS UMBRELLA,Australia,0.0
RED RETROSPOT SHOPPER BAG,Australia,0.0
RED RETROSPOT UMBRELLA,Australia,142.8
RED STRIPE CERAMIC DRAWER KNOB,Australia,0.0
REGENCY SUGAR TONGS,Australia,0.0
REGENCY TEA STRAINER,Australia,0.0
RETROSPOT CHILDRENS APRON,Australia,0.0
RETROSPOT HEART HOT WATER BOTTLE,Australia,0.0
RETROSPOT LARGE MILK JUG,Australia,0.0
RETROSPOT PADDED SEAT CUSHION,Australia,203.4
RETROSPOT RED WASHING UP GLOVES,Australia,0.0
RETROSPOT TEA SET CERAMIC 11 PC ,Australia,1136.85
ROUND CAKE TIN VINTAGE RED,Australia,333.6
ROUND SNACK BOXES SET OF 4 FRUITS ,Australia,0.0
SCOTTIE DOG HOT WATER BOTTLE,Australia,0.0
SET 6 PAPER TABLE LANTERN HEARTS ,Australia,0.0
SET 6 PAPER TABLE LANTERN STARS ,Australia,22.5
SET 7 BABUSHKA NESTING BOXES,Australia,0.0
SET OF 2 TEA TOWELS APPLE AND PEARS,Australia,0.0
SET OF 20 KIDS COOKIE CUTTERS,Australia,0.0
SET OF 20 VINTAGE CHRISTMAS NAPKINS,Australia,207.35999999999999
SET OF 3 NOTEBOOKS IN PARCEL,Australia,0.0
SET OF 36 TEATIME PAPER DOILIES,Australia,0.0
SET OF 4 KNICK KNACK TINS LONDON ,Australia,384.9
SET OF 6 SOLDIER SKITTLES,Australia,1416.0
SET OF 6 SPICE TINS PANTRY DESIGN,Australia,2082.0
SET OF 9 BLACK SKULL BALLOONS,Australia,0.0
SET OF 9 HEART SHAPED BALLOONS,Australia,0.0
SET/10 BLUE POLKADOT PARTY CANDLES,Australia,0.0
SET/10 PINK POLKADOT PARTY CANDLES,Australia,0.0
SET/2 RED RETROSPOT TEA TOWELS ,Australia,0.0
SET/3 RED GINGHAM ROSE STORAGE BOX,Australia,0.0
SET/4 WHITE RETRO STORAGE CUBES ,Australia,0.0
SET/5 RED RETROSPOT LID GLASS BOWLS,Australia,0.0
SET/5 RED SPOTTY LID GLASS BOWLS,Australia,0.0
SKULL LUNCH BOX WITH CUTLERY ,Australia,0.0
SMALL POPCORN HOLDER,Australia,0.0
SMALL RED RETROSPOT WINDMILL,Australia,0.0
SOAP DISH BROCANTE,Australia,0.0
SPACEBOY CHILDRENS BOWL,Australia,0.0
STOOL HOME SWEET HOME ,Australia,0.0
STOP FOR TEA WALL ART,Australia,962.9999999999999
STRAWBERRY CERAMIC TRINKET BOX,Australia,0.0
STRAWBERRY CHARLOTTE BAG,Australia,0.0
STRAWBERRY FAIRY CAKE TEAPOT,Australia,0.0
STRAWBERRY LUNCH BOX WITH CUTLERY,Australia,0.0
SWEETHEART RECIPE BOOK STAND,Australia,0.0
TABLECLOTH RED APPLES DESIGN ,Australia,0.0
TRADITIONAL WOODEN SKIPPING ROPE,Australia,570.24
TREASURE ISLAND BOOK BOX,Australia,702.0
VILLAGE SHOW WALL ART,Australia,962.9999999999999
VINTAGE CHRISTMAS TABLECLOTH,Australia,1039.0
VINTAGE SNAP CARDS,Australia,0.0
WHITE SPOT RED CERAMIC DRAWER KNOB,Australia,0.0
WOODEN CROQUET GARDEN SET,Australia,0.0
WOODEN HAPPY BIRTHDAY GARLAND,Australia,0.0
WOODEN SCHOOL COLOURING SET,Australia,0.0
WOODLAND CHARLOTTE BAG,Australia,0.0
WOODLAND MINI BACKPACK,Australia,408.2
YOU'RE CONFUSING ME METAL SIGN ,Australia,0.0
 SPACEBOY BABY GIFT SET,EIRE,819.3
15CM CHRISTMAS GLASS BALL 20 LIGHTS,EIRE,1108.2
3 HEARTS HANGING DECORATION RUSTIC,EIRE,47.2
3 PIECE SPACEBOY COOKIE CUTTER SET,EIRE,283.20000000000005
3 TIER CAKE TIN GREEN AND CREAM,EIRE,1211.7
3 TIER CAKE TIN RED AND CREAM,EIRE,4235.65
36 DOILIES VINTAGE CHRISTMAS,EIRE,1764.6
36 FOIL HEART CAKE CASES,EIRE,84.0
4 TRADITIONAL SPINNING TOPS,EIRE,258.65
5 HOOK HANGER RED MAGIC TOADSTOOL,EIRE,0.0
60 CAKE CASES DOLLY GIRL DESIGN,EIRE,118.80000000000001
60 TEATIME FAIRY CAKE CASES,EIRE,680.4
ADVENT CALENDAR GINGHAM SACK,EIRE,178.5
ASSORTED COLOUR BIRD ORNAMENT,EIRE,392.08000000000004
ASSORTED COLOUR MINI CASES,EIRE,159.0
BAKING MOULD TOFFEE CUP CHOCOLATE,EIRE,560.1
BEWARE OF THE CAT METAL SIGN ,EIRE,1014.9599999999999
BICYCLE SAFTEY WALL ART,EIRE,0.0
BINGO SET,EIRE,1138.62
BISCUIT TIN 50'S CHRISTMAS,EIRE,121.38
BISCUIT TIN VINTAGE CHRISTMAS,EIRE,34.68
BISCUIT TIN VINTAGE GREEN,EIRE,638.7
BISCUIT TIN VINTAGE RED,EIRE,710.1
BLACK KITCHEN SCALES,EIRE,51.0
BLACK RECORD COVER FRAME,EIRE,15.0
BLACK/BLUE POLKADOT UMBRELLA,EIRE,214.20000000000002
BLUE 3 PIECE POLKADOT CUTLERY SET,EIRE,0.0
BLUE HAPPY BIRTHDAY BUNTING,EIRE,196.20000000000002
BLUE HARMONICA IN BOX ,EIRE,532.5
BOX OF 6 MINI 50'S CRACKERS,EIRE,59.760000000000005
BOX OF VINTAGE JIGSAW BLOCKS ,EIRE,689.5
BREAD BIN DINER STYLE IVORY,EIRE,689.8
BREAD BIN DINER STYLE MINT,EIRE,161.5
BUFFALO BILL TREASURE BOOK BOX,EIRE,54.0
CAKE STAND 3 TIER MAGIC GARDEN,EIRE,25.5
CAKE STAND WHITE TWO TIER LACE,EIRE,17.0
CARRIAGE,EIRE,4875.0
CHARLOTTE BAG APPLES DESIGN,EIRE,106.0
CHARLOTTE BAG DOLLY GIRL DESIGN,EIRE,34.0
CHARLOTTE BAG SUKI DESIGN,EIRE,110.5
CHARLOTTE BAG VINTAGE ALPHABET ,EIRE,250.0
CHEST OF DRAWERS GINGHAM HEART ,EIRE,610.2
CHILDREN'S APRON DOLLY GIRL ,EIRE,79.80000000000001
CHILDRENS APRON APPLES DESIGN,EIRE,78.0
CHILDRENS APRON SPACEBOY DESIGN,EIRE,124.8
CHILDRENS CUTLERY CIRCUS PARADE,EIRE,0.0
CHILDRENS CUTLERY SPACEBOY ,EIRE,0.0
CHILLI LIGHTS,EIRE,646.4000000000001
CHOCOLATE HOT WATER BOTTLE,EIRE,1766.55
CHOCOLATE THIS WAY METAL SIGN,EIRE,735.6000000000001
CIRCUS PARADE BABY GIFT SET,EIRE,858.1499999999999
CLOTHES PEGS RETROSPOT PACK 24 ,EIRE,846.1199999999999
COFFEE MUG APPLES DESIGN,EIRE,106.2
COFFEE MUG PINK PAISLEY DESIGN,EIRE,953.1
COOK WITH WINE METAL SIGN ,EIRE,2304.0800000000004
CREAM CUPID HEARTS COAT HANGER,EIRE,71.65
DINOSAUR LUNCH BOX WITH CUTLERY,EIRE,30.599999999999998
DOG LICENCE WALL ART,EIRE,0.0
DOLLY GIRL BABY GIFT SET,EIRE,1178.1
DOLLY GIRL CHILDRENS BOWL,EIRE,20.0
DOORMAT FANCY FONT HOME SWEET HOME,EIRE,1451.1
DOORMAT TOPIARY,EIRE,690.9
DOORMAT UNION FLAG,EIRE,0.0
EDWARDIAN PARASOL BLACK,EIRE,446.25
EDWARDIAN PARASOL NATURAL,EIRE,600.95
EDWARDIAN PARASOL PINK,EIRE,243.95000000000002
EDWARDIAN PARASOL RED,EIRE,553.35
ENAMEL MEASURING JUG CREAM,EIRE,845.0
FILIGRIS HEART WITH BUTTERFLY,EIRE,0.0
FOLKART ZINC HEART CHRISTMAS DEC,EIRE,30.599999999999998
FOOD COVER WITH BEADS SET 2 ,EIRE,541.5
FUNKY DIVA PEN,EIRE,40.8
GINGERBREAD MAN COOKIE CUTTER,EIRE,575.28
GINGHAM HEART DECORATION,EIRE,102.0
GLASS JAR MARMALADE ,EIRE,647.4
GYMKHANA TREASURE BOOK BOX,EIRE,36.0
HAND WARMER BIRD DESIGN,EIRE,25.200000000000003
HANGING JAM JAR T-LIGHT HOLDER,EIRE,500.28000000000003
HEART FILIGREE DOVE  SMALL,EIRE,30.0
HEART FILIGREE DOVE LARGE,EIRE,0.0
HEART IVORY TRELLIS SMALL,EIRE,30.0
HOMEMADE JAM SCENTED CANDLES,EIRE,652.8
HOT BATHS METAL SIGN,EIRE,691.2
I LOVE LONDON BABY GIFT SET,EIRE,0.0
ICE CREAM SUNDAE LIP GLOSS,EIRE,120.0
IVORY KITCHEN SCALES,EIRE,676.6
JUMBO BAG DOLLY GIRL DESIGN,EIRE,10.14
JUMBO BAG STRAWBERRY,EIRE,63.7
JUMBO BAG VINTAGE LEAF,EIRE,524.94
JUMBO STORAGE BAG SKULLS,EIRE,0.0
LARGE DECO JEWELLERY STAND,EIRE,660.2
LUNCH BAG PAISLEY PARK  ,EIRE,49.5
LUNCH BOX I LOVE LONDON,EIRE,0.0
LUNCH BOX WITH CUTLERY RETROSPOT ,EIRE,30.599999999999998
MAGNETS PACK OF 4 CHILDHOOD MEMORY,EIRE,15.0
MEDIUM CERAMIC TOP STORAGE JAR,EIRE,569.76
MEMO BOARD RETROSPOT  DESIGN,EIRE,79.2
METAL SIGN TAKE IT OR LEAVE IT ,EIRE,908.5999999999999
MINI WOODEN HAPPY BIRTHDAY GARLAND,EIRE,81.12
MINT KITCHEN SCALES,EIRE,306.0
MISELTOE HEART WREATH CREAM,EIRE,996.0000000000001
Manual,EIRE,3374.34
PACK 3 BOXES BIRD PANNETONE ,EIRE,0.0
PACK OF 6 BIRDY GIFT TAGS,EIRE,30.0
PACK OF 6 PANNETONE GIFT BOXES,EIRE,734.4
PACK OF 6 SWEETIE GIFT BOXES,EIRE,734.4
PANTRY ROLLING PIN,EIRE,946.8
PAPER CHAIN KIT VINTAGE CHRISTMAS,EIRE,1449.8999999999999
PAPER LANTERN 9 POINT DELUXE STAR,EIRE,1393.3
PAPER LANTERN 9 POINT SNOW STAR ,EIRE,611.25
PHOTO FRAME CORNICE,EIRE,716.8
PICNIC BASKET WICKER SMALL,EIRE,605.9000000000001
PINK 3 PIECE POLKADOT CUTLERY SET,EIRE,0.0
PINK HAPPY BIRTHDAY BUNTING,EIRE,196.20000000000002
PLASTERS IN TIN SKULLS,EIRE,59.39999999999999
PLEASE ONE PERSON METAL SIGN,EIRE,1140.0000000000002
POPCORN HOLDER,EIRE,890.4
POSTAGE,EIRE,0.0
RAIN PONCHO RETROSPOT,EIRE,342.0
RED  HARMONICA IN BOX ,EIRE,637.5
RED 3 PIECE RETROSPOT CUTLERY SET,EIRE,0.0
RED GINGHAM TEDDY BEAR ,EIRE,508.8
RED HANGING HEART T-LIGHT HOLDER,EIRE,797.4
RED KITCHEN SCALES,EIRE,489.6
RED RETROSPOT BUTTER DISH,EIRE,679.05
RED RETROSPOT CHARLOTTE BAG,EIRE,59.5
RED RETROSPOT CHILDRENS UMBRELLA,EIRE,0.0
RED RETROSPOT SHOPPER BAG,EIRE,50.0
RED RETROSPOT UMBRELLA,EIRE,208.25
RED STRIPE CERAMIC DRAWER KNOB,EIRE,719.28
REGENCY SUGAR TONGS,EIRE,767.8800000000001
REGENCY TEA STRAINER,EIRE,510.84000000000003
RETROSPOT CHILDRENS APRON,EIRE,109.2
RETROSPOT HEART HOT WATER BOTTLE,EIRE,1086.3
RETROSPOT LARGE MILK JUG,EIRE,891.0
RETROSPOT PADDED SEAT CUSHION,EIRE,101.7
RETROSPOT RED WASHING UP GLOVES,EIRE,574.92
RETROSPOT TEA SET CERAMIC 11 PC ,EIRE,341.55
ROUND CAKE TIN VINTAGE RED,EIRE,1227.3
ROUND SNACK BOXES SET OF 4 FRUITS ,EIRE,35.400000000000006
SCOTTIE DOG HOT WATER BOTTLE,EIRE,1183.3500000000001
SET 6 PAPER TABLE LANTERN HEARTS ,EIRE,157.5
SET 6 PAPER TABLE LANTERN STARS ,EIRE,225.0
SET 7 BABUSHKA NESTING BOXES,EIRE,102.0
SET OF 2 TEA TOWELS APPLE AND PEARS,EIRE,19.5
SET OF 20 KIDS COOKIE CUTTERS,EIRE,310.8
SET OF 20 VINTAGE CHRISTMAS NAPKINS,EIRE,844.2
SET OF 3 NOTEBOOKS IN PARCEL,EIRE,98.99999999999999
SET OF 36 TEATIME PAPER DOILIES,EIRE,104.39999999999999
SET OF 4 KNICK KNACK TINS LONDON ,EIRE,0.0
SET OF 6 SOLDIER SKITTLES,EIRE,75.0
SET OF 6 SPICE TINS PANTRY DESIGN,EIRE,978.1000000000001
SET OF 9 BLACK SKULL BALLOONS,EIRE,34.0
SET OF 9 HEART SHAPED BALLOONS,EIRE,60.0
SET/10 BLUE POLKADOT PARTY CANDLES,EIRE,150.0
SET/10 PINK POLKADOT PARTY CANDLES,EIRE,120.0
SET/2 RED RETROSPOT TEA TOWELS ,EIRE,606.7
SET/3 RED GINGHAM ROSE STORAGE BOX,EIRE,255.0
SET/4 WHITE RETRO STORAGE CUBES ,EIRE,948.6500000000001
SET/5 RED RETROSPOT LID GLASS BOWLS,EIRE,1717.3
SET/5 RED SPOTTY LID GLASS BOWLS,EIRE,734.4
SKULL LUNCH BOX WITH CUTLERY ,EIRE,0.0
SMALL POPCORN HOLDER,EIRE,533.4
SMALL RED RETROSPOT WINDMILL,EIRE,0.0
SOAP DISH BROCANTE,EIRE,554.5
SPACEBOY CHILDRENS BOWL,EIRE,20.0
STOOL HOME SWEET HOME ,EIRE,125.0
STOP FOR TEA WALL ART,EIRE,64.19999999999999
STRAWBERRY CERAMIC TRINKET BOX,EIRE,242.64000000000001
STRAWBERRY CHARLOTTE BAG,EIRE,59.5
STRAWBERRY FAIRY CAKE TEAPOT,EIRE,118.80000000000001
STRAWBERRY LUNCH BOX WITH CUTLERY,EIRE,45.9
SWEETHEART RECIPE BOOK STAND,EIRE,1439.4
TABLECLOTH RED APPLES DESIGN ,EIRE,109.44999999999999
TRADITIONAL WOODEN SKIPPING ROPE,EIRE,88.0
TREASURE ISLAND BOOK BOX,EIRE,54.0
VILLAGE SHOW WALL ART,EIRE,23.8
VINTAGE CHRISTMAS TABLECLOTH,EIRE,325.0
VINTAGE SNAP CARDS,EIRE,1075.96
WHITE SPOT RED CERAMIC DRAWER KNOB,EIRE,189.6
WOODEN CROQUET GARDEN SET,EIRE,627.85
WOODEN HAPPY BIRTHDAY GARLAND,EIRE,177.00000000000003
WOODEN SCHOOL COLOURING SET,EIRE,734.3999999999999
WOODLAND CHARLOTTE BAG,EIRE,131.5
WOODLAND MINI BACKPACK,EIRE,0.0
YOU'RE CONFUSING ME METAL SIGN ,EIRE,1652.8799999999999
 SPACEBOY BABY GIFT SET,France,1325.6999999999998
15CM CHRISTMAS GLASS BALL 20 LIGHTS,France,63.6
3 HEARTS HANGING DECORATION RUSTIC,France,0.0
3 PIECE SPACEBOY COOKIE CUTTER SET,France,201.60000000000002
3 TIER CAKE TIN GREEN AND CREAM,France,0.0
3 TIER CAKE TIN RED AND CREAM,France,59.8
36 DOILIES VINTAGE CHRISTMAS,France,17.4
36 FOIL HEART CAKE CASES,France,37.800000000000004
4 TRADITIONAL SPINNING TOPS,France,566.25
5 HOOK HANGER RED MAGIC TOADSTOOL,France,79.19999999999999
60 CAKE CASES DOLLY GIRL DESIGN,France,118.80000000000001
60 TEATIME FAIRY CAKE CASES,France,158.4
ADVENT CALENDAR GINGHAM SACK,France,89.25
ASSORTED COLOUR BIRD ORNAMENT,France,1842.76
ASSORTED COLOUR MINI CASES,France,620.1
BAKING MOULD TOFFEE CUP CHOCOLATE,France,0.0
BEWARE OF THE CAT METAL SIGN ,France,23.659999999999997
BICYCLE SAFTEY WALL ART,France,0.0
BINGO SET,France,60.0
BISCUIT TIN 50'S CHRISTMAS,France,17.34
BISCUIT TIN VINTAGE CHRISTMAS,France,17.34
BISCUIT TIN VINTAGE GREEN,France,13.5
BISCUIT TIN VINTAGE RED,France,54.0
BLACK KITCHEN SCALES,France,76.5
BLACK RECORD COVER FRAME,France,171.36
BLACK/BLUE POLKADOT UMBRELLA,France,944.8500000000001
BLUE 3 PIECE POLKADOT CUTLERY SET,France,82.35
BLUE HAPPY BIRTHDAY BUNTING,France,32.7
BLUE HARMONICA IN BOX ,France,585.0
BOX OF 6 MINI 50'S CRACKERS,France,273.90000000000003
BOX OF VINTAGE JIGSAW BLOCKS ,France,14.850000000000001
BREAD BIN DINER STYLE IVORY,France,118.64999999999999
BREAD BIN DINER STYLE MINT,France,0.0
BUFFALO BILL TREASURE BOOK BOX,France,18.0
CAKE STAND 3 TIER MAGIC GARDEN,France,454.04999999999995
CAKE STAND WHITE TWO TIER LACE,France,717.1
CARRIAGE,France,186.0
CHARLOTTE BAG APPLES DESIGN,France,323.0
CHARLOTTE BAG DOLLY GIRL DESIGN,France,246.5
CHARLOTTE BAG SUKI DESIGN,France,153.0
CHARLOTTE BAG VINTAGE ALPHABET ,France,34.0
CHEST OF DRAWERS GINGHAM HEART ,France,84.75
CHILDREN'S APRON DOLLY GIRL ,France,407.50000000000006
CHILDRENS APRON APPLES DESIGN,France,332.1
CHILDRENS APRON SPACEBOY DESIGN,France,511.5
CHILDRENS CUTLERY CIRCUS PARADE,France,489.7
CHILDRENS CUTLERY SPACEBOY ,France,888.1000000000001
CHILLI LIGHTS,France,0.0
CHOCOLATE HOT WATER BOTTLE,France,14.850000000000001
CHOCOLATE THIS WAY METAL SIGN,France,88.20000000000002
CIRCUS PARADE BABY GIFT SET,France,785.3999999999999
CLOTHES PEGS RETROSPOT PACK 24 ,France,432.93999999999994
COFFEE MUG APPLES DESIGN,France,748.8
COFFEE MUG PINK PAISLEY DESIGN,France,30.599999999999998
COOK WITH WINE METAL SIGN ,France,58.24
CREAM CUPID HEARTS COAT HANGER,France,0.0
DINOSAUR LUNCH BOX WITH CUTLERY,France,137.7
DOG LICENCE WALL ART,France,0.0
DOLLY GIRL BABY GIFT SET,France,545.25
DOLLY GIRL CHILDRENS BOWL,France,185.0
DOORMAT FANCY FONT HOME SWEET HOME,France,16.5
DOORMAT TOPIARY,France,0.0
DOORMAT UNION FLAG,France,514.8
EDWARDIAN PARASOL BLACK,France,660.45
EDWARDIAN PARASOL NATURAL,France,303.45000000000005
EDWARDIAN PARASOL PINK,France,142.8
EDWARDIAN PARASOL RED,France,410.55
ENAMEL MEASURING JUG CREAM,France,0.0
FILIGRIS HEART WITH BUTTERFLY,France,0.0
FOLKART ZINC HEART CHRISTMAS DEC,France,0.0
FOOD COVER WITH BEADS SET 2 ,France,0.0
FUNKY DIVA PEN,France,122.39999999999999
GINGERBREAD MAN COOKIE CUTTER,France,270.0
GINGHAM HEART DECORATION,France,59.5
GLASS JAR MARMALADE ,France,0.0
GYMKHANA TREASURE BOOK BOX,France,72.0
HAND WARMER BIRD DESIGN,France,25.200000000000003
HANGING JAM JAR T-LIGHT HOLDER,France,0.0
HEART FILIGREE DOVE  SMALL,France,30.0
HEART FILIGREE DOVE LARGE,France,19.799999999999997
HEART IVORY TRELLIS SMALL,France,0.0
HOMEMADE JAM SCENTED CANDLES,France,87.0
HOT BATHS METAL SIGN,France,25.200000000000003
I LOVE LONDON BABY GIFT SET,France,724.6499999999999
ICE CREAM SUNDAE LIP GLOSS,France,690.0
IVORY KITCHEN SCALES,France,127.5
JUMBO BAG DOLLY GIRL DESIGN,France,216.19
JUMBO BAG STRAWBERRY,France,398.3
JUMBO BAG VINTAGE LEAF,France,322.4
JUMBO STORAGE BAG SKULLS,France,28.990000000000002
LARGE DECO JEWELLERY STAND,France,175.0
LUNCH BAG PAISLEY PARK  ,France,67.65
LUNCH BOX I LOVE LONDON,France,745.1999999999999
LUNCH BOX WITH CUTLERY RETROSPOT ,France,1183.1999999999998
MAGNETS PACK OF 4 CHILDHOOD MEMORY,France,55.0
MEDIUM CERAMIC TOP STORAGE JAR,France,0.0
MEMO BOARD RETROSPOT  DESIGN,France,49.5
METAL SIGN TAKE IT OR LEAVE IT ,France,126.85000000000002
MINI WOODEN HAPPY BIRTHDAY GARLAND,France,835.1999999999999
MINT KITCHEN SCALES,France,136.0
MISELTOE HEART WREATH CREAM,France,0.0
Manual,France,9492.37
PACK 3 BOXES BIRD PANNETONE ,France,23.4
PACK OF 6 BIRDY GIFT TAGS,France,75.0
PACK OF 6 PANNETONE GIFT BOXES,France,30.599999999999998
PACK OF 6 SWEETIE GIFT BOXES,France,30.599999999999998
PANTRY ROLLING PIN,France,116.25
PAPER CHAIN KIT VINTAGE CHRISTMAS,France,59.00000000000001
PAPER LANTERN 9 POINT DELUXE STAR,France,0.0
PAPER LANTERN 9 POINT SNOW STAR ,France,17.25
PHOTO FRAME CORNICE,France,23.6
PICNIC BASKET WICKER SMALL,France,47.6
PINK 3 PIECE POLKADOT CUTLERY SET,France,88.25
PINK HAPPY BIRTHDAY BUNTING,France,465.00000000000006
PLASTERS IN TIN SKULLS,France,699.5999999999999
PLEASE ONE PERSON METAL SIGN,France,8.4
POPCORN HOLDER,France,147.89999999999998
POSTAGE,France,15454.0
RAIN PONCHO RETROSPOT,France,20.4
RED  HARMONICA IN BOX ,France,735.0
RED 3 PIECE RETROSPOT CUTLERY SET,France,59.85
RED GINGHAM TEDDY BEAR ,France,35.400000000000006
RED HANGING HEART T-LIGHT HOLDER,France,23.6
RED KITCHEN SCALES,France,136.0
RED RETROSPOT BUTTER DISH,France,279.45000000000005
RED RETROSPOT CHARLOTTE BAG,France,398.65
RED RETROSPOT CHILDRENS UMBRELLA,France,858.0
RED RETROSPOT SHOPPER BAG,France,62.5
RED RETROSPOT UMBRELLA,France,1236.0000000000002
RED STRIPE CERAMIC DRAWER KNOB,France,15.0
REGENCY SUGAR TONGS,France,79.68
REGENCY TEA STRAINER,France,15.0
RETROSPOT CHILDRENS APRON,France,436.8
RETROSPOT HEART HOT WATER BOTTLE,France,202.95000000000002
RETROSPOT LARGE MILK JUG,France,250.5
RETROSPOT PADDED SEAT CUSHION,France,18.75
RETROSPOT RED WASHING UP GLOVES,France,0.0
RETROSPOT TEA SET CERAMIC 11 PC ,France,1101.0
ROUND CAKE TIN VINTAGE RED,France,71.55
ROUND SNACK BOXES SET OF 4 FRUITS ,France,963.1500000000001
SCOTTIE DOG HOT WATER BOTTLE,France,148.5
SET 6 PAPER TABLE LANTERN HEARTS ,France,101.25
SET 6 PAPER TABLE LANTERN STARS ,France,45.0
SET 7 BABUSHKA NESTING BOXES,France,502.8
SET OF 2 TEA TOWELS APPLE AND PEARS,France,600.0
SET OF 20 KIDS COOKIE CUTTERS,France,783.3000000000001
SET OF 20 VINTAGE CHRISTMAS NAPKINS,France,56.099999999999994
SET OF 3 NOTEBOOKS IN PARCEL,France,122.09999999999998
SET OF 36 TEATIME PAPER DOILIES,France,36.25
SET OF 4 KNICK KNACK TINS LONDON ,France,572.7
SET OF 6 SOLDIER SKITTLES,France,168.75
SET OF 6 SPICE TINS PANTRY DESIGN,France,19.75
SET OF 9 BLACK SKULL BALLOONS,France,510.0
SET OF 9 HEART SHAPED BALLOONS,France,804.9
SET/10 BLUE POLKADOT PARTY CANDLES,France,420.0
SET/10 PINK POLKADOT PARTY CANDLES,France,600.0
SET/2 RED RETROSPOT TEA TOWELS ,France,176.25
SET/3 RED GINGHAM ROSE STORAGE BOX,France,86.25
SET/4 WHITE RETRO STORAGE CUBES ,France,0.0
SET/5 RED RETROSPOT LID GLASS BOWLS,France,135.70000000000002
SET/5 RED SPOTTY LID GLASS BOWLS,France,0.0
SKULL LUNCH BOX WITH CUTLERY ,France,433.5
SMALL POPCORN HOLDER,France,163.2
SMALL RED RETROSPOT WINDMILL,France,563.52
SOAP DISH BROCANTE,France,23.6
SPACEBOY CHILDRENS BOWL,France,205.0
STOOL HOME SWEET HOME ,France,62.5
STOP FOR TEA WALL ART,France,0.0
STRAWBERRY CERAMIC TRINKET BOX,France,293.96000000000004
STRAWBERRY CHARLOTTE BAG,France,85.0
STRAWBERRY FAIRY CAKE TEAPOT,France,49.5
STRAWBERRY LUNCH BOX WITH CUTLERY,France,826.1999999999999
SWEETHEART RECIPE BOOK STAND,France,54.0
TABLECLOTH RED APPLES DESIGN ,France,610.6999999999999
TRADITIONAL WOODEN SKIPPING ROPE,France,121.35
TREASURE ISLAND BOOK BOX,France,36.0
VILLAGE SHOW WALL ART,France,0.0
VINTAGE CHRISTMAS TABLECLOTH,France,25.0
VINTAGE SNAP CARDS,France,20.4
WHITE SPOT RED CERAMIC DRAWER KNOB,France,71.1
WOODEN CROQUET GARDEN SET,France,221.6
WOODEN HAPPY BIRTHDAY GARLAND,France,560.4
WOODEN SCHOOL COLOURING SET,France,158.39999999999998
WOODLAND CHARLOTTE BAG,France,259.25
WOODLAND MINI BACKPACK,France,369.35
YOU'RE CONFUSING ME METAL SIGN ,France,0.0
 SPACEBOY BABY GIFT SET,Germany,191.39999999999998
15CM CHRISTMAS GLASS BALL 20 LIGHTS,Germany,0.0
3 HEARTS HANGING DECORATION RUSTIC,Germany,0.0
3 PIECE SPACEBOY COOKIE CUTTER SET,Germany,415.80000000000007
3 TIER CAKE TIN GREEN AND CREAM,Germany,14.95
3 TIER CAKE TIN RED AND CREAM,Germany,14.95
36 DOILIES VINTAGE CHRISTMAS,Germany,0.0
36 FOIL HEART CAKE CASES,Germany,88.20000000000002
4 TRADITIONAL SPINNING TOPS,Germany,167.1
5 HOOK HANGER RED MAGIC TOADSTOOL,Germany,535.1999999999999
60 CAKE CASES DOLLY GIRL DESIGN,Germany,71.5
60 TEATIME FAIRY CAKE CASES,Germany,73.7
ADVENT CALENDAR GINGHAM SACK,Germany,558.9000000000001
ASSORTED COLOUR BIRD ORNAMENT,Germany,378.55999999999995
ASSORTED COLOUR MINI CASES,Germany,286.2
BAKING MOULD TOFFEE CUP CHOCOLATE,Germany,216.90000000000003
BEWARE OF THE CAT METAL SIGN ,Germany,171.0
BICYCLE SAFTEY WALL ART,Germany,0.0
BINGO SET,Germany,0.0
BISCUIT TIN 50'S CHRISTMAS,Germany,294.78
BISCUIT TIN VINTAGE CHRISTMAS,Germany,141.66000000000003
BISCUIT TIN VINTAGE GREEN,Germany,13.5
BISCUIT TIN VINTAGE RED,Germany,13.5
BLACK KITCHEN SCALES,Germany,304.3
BLACK RECORD COVER FRAME,Germany,90.0
BLACK/BLUE POLKADOT UMBRELLA,Germany,398.25
BLUE 3 PIECE POLKADOT CUTLERY SET,Germany,45.0
BLUE HAPPY BIRTHDAY BUNTING,Germany,550.45
BLUE HARMONICA IN BOX ,Germany,450.0
BOX OF 6 MINI 50'S CRACKERS,Germany,583.38
BOX OF VINTAGE JIGSAW BLOCKS ,Germany,0.0
BREAD BIN DINER STYLE IVORY,Germany,589.05
BREAD BIN DINER STYLE MINT,Germany,503.34999999999997
BUFFALO BILL TREASURE BOOK BOX,Germany,36.0
CAKE STAND 3 TIER MAGIC GARDEN,Germany,390.29999999999995
CAKE STAND WHITE TWO TIER LACE,Germany,255.0
CARRIAGE,Germany,0.0
CHARLOTTE BAG APPLES DESIGN,Germany,399.5
CHARLOTTE BAG DOLLY GIRL DESIGN,Germany,141.7
CHARLOTTE BAG SUKI DESIGN,Germany,278.55
CHARLOTTE BAG VINTAGE ALPHABET ,Germany,136.0
CHEST OF DRAWERS GINGHAM HEART ,Germany,16.95
CHILDREN'S APRON DOLLY GIRL ,Germany,126.00000000000001
CHILDRENS APRON APPLES DESIGN,Germany,284.7
CHILDRENS APRON SPACEBOY DESIGN,Germany,202.79999999999998
CHILDRENS CUTLERY CIRCUS PARADE,Germany,315.40000000000003
CHILDRENS CUTLERY SPACEBOY ,Germany,415.00000000000006
CHILLI LIGHTS,Germany,0.0
CHOCOLATE HOT WATER BOTTLE,Germany,24.75
CHOCOLATE THIS WAY METAL SIGN,Germany,31.500000000000004
CIRCUS PARADE BABY GIFT SET,Germany,220.35
CLOTHES PEGS RETROSPOT PACK 24 ,Germany,483.86999999999995
COFFEE MUG APPLES DESIGN,Germany,685.8
COFFEE MUG PINK PAISLEY DESIGN,Germany,0.0
COOK WITH WINE METAL SIGN ,Germany,0.0
CREAM CUPID HEARTS COAT HANGER,Germany,238.4
DINOSAUR LUNCH BOX WITH CUTLERY,Germany,61.199999999999996
DOG LICENCE WALL ART,Germany,0.0
DOLLY GIRL BABY GIFT SET,Germany,89.69999999999999
DOLLY GIRL CHILDRENS BOWL,Germany,140.0
DOORMAT FANCY FONT HOME SWEET HOME,Germany,269.4
DOORMAT TOPIARY,Germany,65.4
DOORMAT UNION FLAG,Germany,86.7
EDWARDIAN PARASOL BLACK,Germany,1100.25
EDWARDIAN PARASOL NATURAL,Germany,695.65
EDWARDIAN PARASOL PINK,Germany,564.75
EDWARDIAN PARASOL RED,Germany,1046.7
ENAMEL MEASURING JUG CREAM,Germany,17.0
FILIGRIS HEART WITH BUTTERFLY,Germany,0.0
FOLKART ZINC HEART CHRISTMAS DEC,Germany,0.85
FOOD COVER WITH BEADS SET 2 ,Germany,192.0
FUNKY DIVA PEN,Germany,652.8
GINGERBREAD MAN COOKIE CUTTER,Germany,223.75
GINGHAM HEART DECORATION,Germany,30.599999999999998
GLASS JAR MARMALADE ,Germany,17.700000000000003
GYMKHANA TREASURE BOOK BOX,Germany,36.0
HAND WARMER BIRD DESIGN,Germany,180.60000000000002
HANGING JAM JAR T-LIGHT HOLDER,Germany,10.2
HEART FILIGREE DOVE  SMALL,Germany,0.0
HEART FILIGREE DOVE LARGE,Germany,0.0
HEART IVORY TRELLIS SMALL,Germany,0.0
HOMEMADE JAM SCENTED CANDLES,Germany,156.6
HOT BATHS METAL SIGN,Germany,0.0
I LOVE LONDON BABY GIFT SET,Germany,0.0
ICE CREAM SUNDAE LIP GLOSS,Germany,90.0
IVORY KITCHEN SCALES,Germany,561.0
JUMBO BAG DOLLY GIRL DESIGN,Germany,19.5
JUMBO BAG STRAWBERRY,Germany,173.42000000000002
JUMBO BAG VINTAGE LEAF,Germany,310.7
JUMBO STORAGE BAG SKULLS,Germany,187.2
LARGE DECO JEWELLERY STAND,Germany,25.0
LUNCH BAG PAISLEY PARK  ,Germany,69.3
LUNCH BOX I LOVE LONDON,Germany,210.6
LUNCH BOX WITH CUTLERY RETROSPOT ,Germany,1134.8999999999999
MAGNETS PACK OF 4 CHILDHOOD MEMORY,Germany,63.75
MEDIUM CERAMIC TOP STORAGE JAR,Germany,30.0
MEMO BOARD RETROSPOT  DESIGN,Germany,301.95
METAL SIGN TAKE IT OR LEAVE IT ,Germany,35.400000000000006
MINI WOODEN HAPPY BIRTHDAY GARLAND,Germany,20.28
MINT KITCHEN SCALES,Germany,795.6
MISELTOE HEART WREATH CREAM,Germany,0.0
Manual,Germany,2296.25
PACK 3 BOXES BIRD PANNETONE ,Germany,696.5999999999999
PACK OF 6 BIRDY GIFT TAGS,Germany,1033.2
PACK OF 6 PANNETONE GIFT BOXES,Germany,45.9
PACK OF 6 SWEETIE GIFT BOXES,Germany,0.0
PANTRY ROLLING PIN,Germany,67.5
PAPER CHAIN KIT VINTAGE CHRISTMAS,Germany,0.0
PAPER LANTERN 9 POINT DELUXE STAR,Germany,0.0
PAPER LANTERN 9 POINT SNOW STAR ,Germany,17.25
PHOTO FRAME CORNICE,Germany,0.0
PICNIC BASKET WICKER SMALL,Germany,47.6
PINK 3 PIECE POLKADOT CUTLERY SET,Germany,67.5
PINK HAPPY BIRTHDAY BUNTING,Germany,365.15
PLASTERS IN TIN SKULLS,Germany,183.14999999999998
PLEASE ONE PERSON METAL SIGN,Germany,0.0
POPCORN HOLDER,Germany,30.599999999999998
POSTAGE,Germany,21001.0
RAIN PONCHO RETROSPOT,Germany,265.2
RED  HARMONICA IN BOX ,Germany,435.0
RED 3 PIECE RETROSPOT CUTLERY SET,Germany,112.5
RED GINGHAM TEDDY BEAR ,Germany,35.400000000000006
RED HANGING HEART T-LIGHT HOLDER,Germany,0.0
RED KITCHEN SCALES,Germany,1339.6000000000001
RED RETROSPOT BUTTER DISH,Germany,314.1
RED RETROSPOT CHARLOTTE BAG,Germany,471.5
RED RETROSPOT CHILDRENS UMBRELLA,Germany,474.5
RED RETROSPOT SHOPPER BAG,Germany,137.5
RED RETROSPOT UMBRELLA,Germany,1117.8000000000002
RED STRIPE CERAMIC DRAWER KNOB,Germany,364.2
REGENCY SUGAR TONGS,Germany,0.0
REGENCY TEA STRAINER,Germany,0.0
RETROSPOT CHILDRENS APRON,Germany,202.79999999999998
RETROSPOT HEART HOT WATER BOTTLE,Germany,428.70000000000005
RETROSPOT LARGE MILK JUG,Germany,89.10000000000001
RETROSPOT PADDED SEAT CUSHION,Germany,578.4
RETROSPOT RED WASHING UP GLOVES,Germany,75.60000000000001
RETROSPOT TEA SET CERAMIC 11 PC ,Germany,445.50000000000006
ROUND CAKE TIN VINTAGE RED,Germany,47.7
ROUND SNACK BOXES SET OF 4 FRUITS ,Germany,1982.4000000000003
SCOTTIE DOG HOT WATER BOTTLE,Germany,148.5
SET 6 PAPER TABLE LANTERN HEARTS ,Germany,67.5
SET 6 PAPER TABLE LANTERN STARS ,Germany,0.0
SET 7 BABUSHKA NESTING BOXES,Germany,673.2
SET OF 2 TEA TOWELS APPLE AND PEARS,Germany,926.4
SET OF 20 KIDS COOKIE CUTTERS,Germany,226.8
SET OF 20 VINTAGE CHRISTMAS NAPKINS,Germany,30.599999999999998
SET OF 3 NOTEBOOKS IN PARCEL,Germany,98.99999999999999
SET OF 36 TEATIME PAPER DOILIES,Germany,105.85
SET OF 4 KNICK KNACK TINS LONDON ,Germany,249.00000000000003
SET OF 6 SOLDIER SKITTLES,Germany,146.25
SET OF 6 SPICE TINS PANTRY DESIGN,Germany,402.6
SET OF 9 BLACK SKULL BALLOONS,Germany,68.0
SET OF 9 HEART SHAPED BALLOONS,Germany,45.0
SET/10 BLUE POLKADOT PARTY CANDLES,Germany,427.5
SET/10 PINK POLKADOT PARTY CANDLES,Germany,487.5
SET/2 RED RETROSPOT TEA TOWELS ,Germany,837.1
SET/3 RED GINGHAM ROSE STORAGE BOX,Germany,146.25
SET/4 WHITE RETRO STORAGE CUBES ,Germany,179.75
SET/5 RED RETROSPOT LID GLASS BOWLS,Germany,247.80000000000004
SET/5 RED SPOTTY LID GLASS BOWLS,Germany,0.0
SKULL LUNCH BOX WITH CUTLERY ,Germany,756.9
SMALL POPCORN HOLDER,Germany,84.14999999999999
SMALL RED RETROSPOT WINDMILL,Germany,135.0
SOAP DISH BROCANTE,Germany,70.80000000000001
SPACEBOY CHILDRENS BOWL,Germany,240.0
STOOL HOME SWEET HOME ,Germany,636.5
STOP FOR TEA WALL ART,Germany,0.0
STRAWBERRY CERAMIC TRINKET BOX,Germany,651.32
STRAWBERRY CHARLOTTE BAG,Germany,185.9
STRAWBERRY FAIRY CAKE TEAPOT,Germany,705.9000000000001
STRAWBERRY LUNCH BOX WITH CUTLERY,Germany,1085.3999999999999
SWEETHEART RECIPE BOOK STAND,Germany,0.0
TABLECLOTH RED APPLES DESIGN ,Germany,289.8
TRADITIONAL WOODEN SKIPPING ROPE,Germany,49.8
TREASURE ISLAND BOOK BOX,Germany,54.0
VILLAGE SHOW WALL ART,Germany,0.0
VINTAGE CHRISTMAS TABLECLOTH,Germany,0.0
VINTAGE SNAP CARDS,Germany,0.0
WHITE SPOT RED CERAMIC DRAWER KNOB,Germany,418.79999999999995
WOODEN CROQUET GARDEN SET,Germany,110.8
WOODEN HAPPY BIRTHDAY GARLAND,Germany,53.10000000000001
WOODEN SCHOOL COLOURING SET,Germany,59.39999999999999
WOODLAND CHARLOTTE BAG,Germany,854.0
WOODLAND MINI BACKPACK,Germany,398.40000000000003
YOU'RE CONFUSING ME METAL SIGN ,Germany,20.28
 SPACEBOY BABY GIFT SET,Netherlands,589.05
15CM CHRISTMAS GLASS BALL 20 LIGHTS,Netherlands,0.0
3 HEARTS HANGING DECORATION RUSTIC,Netherlands,1026.3999999999999
3 PIECE SPACEBOY COOKIE CUTTER SET,Netherlands,1090.8000000000002
3 TIER CAKE TIN GREEN AND CREAM,Netherlands,0.0
3 TIER CAKE TIN RED AND CREAM,Netherlands,0.0
36 DOILIES VINTAGE CHRISTMAS,Netherlands,0.0
36 FOIL HEART CAKE CASES,Netherlands,1634.4
4 TRADITIONAL SPINNING TOPS,Netherlands,0.0
5 HOOK HANGER RED MAGIC TOADSTOOL,Netherlands,2923.2
60 CAKE CASES DOLLY GIRL DESIGN,Netherlands,504.0
60 TEATIME FAIRY CAKE CASES,Netherlands,403.2
ADVENT CALENDAR GINGHAM SACK,Netherlands,0.0
ASSORTED COLOUR BIRD ORNAMENT,Netherlands,464.0
ASSORTED COLOUR MINI CASES,Netherlands,0.0
BAKING MOULD TOFFEE CUP CHOCOLATE,Netherlands,0.0
BEWARE OF THE CAT METAL SIGN ,Netherlands,0.0
BICYCLE SAFTEY WALL ART,Netherlands,0.0
BINGO SET,Netherlands,0.0
BISCUIT TIN 50'S CHRISTMAS,Netherlands,0.0
BISCUIT TIN VINTAGE CHRISTMAS,Netherlands,0.0
BISCUIT TIN VINTAGE GREEN,Netherlands,0.0
BISCUIT TIN VINTAGE RED,Netherlands,0.0
BLACK KITCHEN SCALES,Netherlands,501.50000000000006
BLACK RECORD COVER FRAME,Netherlands,0.0
BLACK/BLUE POLKADOT UMBRELLA,Netherlands,0.0
BLUE 3 PIECE POLKADOT CUTLERY SET,Netherlands,758.1600000000001
BLUE HAPPY BIRTHDAY BUNTING,Netherlands,0.0
BLUE HARMONICA IN BOX ,Netherlands,0.0
BOX OF 6 MINI 50'S CRACKERS,Netherlands,0.0
BOX OF VINTAGE JIGSAW BLOCKS ,Netherlands,0.0
BREAD BIN DINER STYLE IVORY,Netherlands,717.5999999999999
BREAD BIN DINER STYLE MINT,Netherlands,239.2
BUFFALO BILL TREASURE BOOK BOX,Netherlands,0.0
CAKE STAND 3 TIER MAGIC GARDEN,Netherlands,525.5999999999999
CAKE STAND WHITE TWO TIER LACE,Netherlands,0.0
CARRIAGE,Netherlands,0.0
CHARLOTTE BAG APPLES DESIGN,Netherlands,936.85
CHARLOTTE BAG DOLLY GIRL DESIGN,Netherlands,800.5
CHARLOTTE BAG SUKI DESIGN,Netherlands,721.7
CHARLOTTE BAG VINTAGE ALPHABET ,Netherlands,720.85
CHEST OF DRAWERS GINGHAM HEART ,Netherlands,0.0
CHILDREN'S APRON DOLLY GIRL ,Netherlands,925.0
CHILDRENS APRON APPLES DESIGN,Netherlands,675.6
CHILDRENS APRON SPACEBOY DESIGN,Netherlands,1186.2
CHILDRENS CUTLERY CIRCUS PARADE,Netherlands,830.75
CHILDRENS CUTLERY SPACEBOY ,Netherlands,1640.75
CHILLI LIGHTS,Netherlands,0.0
CHOCOLATE HOT WATER BOTTLE,Netherlands,0.0
CHOCOLATE THIS WAY METAL SIGN,Netherlands,0.0
CIRCUS PARADE BABY GIFT SET,Netherlands,358.79999999999995
CLOTHES PEGS RETROSPOT PACK 24 ,Netherlands,1017.5999999999999
COFFEE MUG APPLES DESIGN,Netherlands,226.8
COFFEE MUG PINK PAISLEY DESIGN,Netherlands,0.0
COOK WITH WINE METAL SIGN ,Netherlands,0.0
CREAM CUPID HEARTS COAT HANGER,Netherlands,1789.0
DINOSAUR LUNCH BOX WITH CUTLERY,Netherlands,884.55
DOG LICENCE WALL ART,Netherlands,0.0
DOLLY GIRL BABY GIFT SET,Netherlands,661.8
DOLLY GIRL CHILDRENS BOWL,Netherlands,504.85
DOORMAT FANCY FONT HOME SWEET HOME,Netherlands,0.0
DOORMAT TOPIARY,Netherlands,0.0
DOORMAT UNION FLAG,Netherlands,0.0
EDWARDIAN PARASOL BLACK,Netherlands,0.0
EDWARDIAN PARASOL NATURAL,Netherlands,0.0
EDWARDIAN PARASOL PINK,Netherlands,0.0
EDWARDIAN PARASOL RED,Netherlands,0.0
ENAMEL MEASURING JUG CREAM,Netherlands,0.0
FILIGRIS HEART WITH BUTTERFLY,Netherlands,1155.8400000000001
FOLKART ZINC HEART CHRISTMAS DEC,Netherlands,931.4399999999999
FOOD COVER WITH BEADS SET 2 ,Netherlands,169.5
FUNKY DIVA PEN,Netherlands,0.0
GINGERBREAD MAN COOKIE CUTTER,Netherlands,685.5600000000001
GINGHAM HEART DECORATION,Netherlands,1347.84
GLASS JAR MARMALADE ,Netherlands,0.0
GYMKHANA TREASURE BOOK BOX,Netherlands,0.0
HAND WARMER BIRD DESIGN,Netherlands,532.8000000000001
HANGING JAM JAR T-LIGHT HOLDER,Netherlands,0.0
HEART FILIGREE DOVE  SMALL,Netherlands,640.5600000000001
HEART FILIGREE DOVE LARGE,Netherlands,646.2
HEART IVORY TRELLIS SMALL,Netherlands,640.5600000000001
HOMEMADE JAM SCENTED CANDLES,Netherlands,0.0
HOT BATHS METAL SIGN,Netherlands,0.0
I LOVE LONDON BABY GIFT SET,Netherlands,0.0
ICE CREAM SUNDAE LIP GLOSS,Netherlands,499.20000000000005
IVORY KITCHEN SCALES,Netherlands,627.3000000000001
JUMBO BAG DOLLY GIRL DESIGN,Netherlands,694.8
JUMBO BAG STRAWBERRY,Netherlands,839.0
JUMBO BAG VINTAGE LEAF,Netherlands,0.0
JUMBO STORAGE BAG SKULLS,Netherlands,724.88
LARGE DECO JEWELLERY STAND,Netherlands,0.0
LUNCH BAG PAISLEY PARK  ,Netherlands,726.65
LUNCH BOX I LOVE LONDON,Netherlands,387.0
LUNCH BOX WITH CUTLERY RETROSPOT ,Netherlands,1514.55
MAGNETS PACK OF 4 CHILDHOOD MEMORY,Netherlands,572.4
MEDIUM CERAMIC TOP STORAGE JAR,Netherlands,99.84
MEMO BOARD RETROSPOT  DESIGN,Netherlands,544.0
METAL SIGN TAKE IT OR LEAVE IT ,Netherlands,0.0
MINI WOODEN HAPPY BIRTHDAY GARLAND,Netherlands,0.0
MINT KITCHEN SCALES,Netherlands,226.10000000000002
MISELTOE HEART WREATH CREAM,Netherlands,0.0
Manual,Netherlands,0.0
PACK 3 BOXES BIRD PANNETONE ,Netherlands,158.39999999999998
PACK OF 6 BIRDY GIFT TAGS,Netherlands,305.28000000000003
PACK OF 6 PANNETONE GIFT BOXES,Netherlands,0.0
PACK OF 6 SWEETIE GIFT BOXES,Netherlands,0.0
PANTRY ROLLING PIN,Netherlands,0.0
PAPER CHAIN KIT VINTAGE CHRISTMAS,Netherlands,0.0
PAPER LANTERN 9 POINT DELUXE STAR,Netherlands,0.0
PAPER LANTERN 9 POINT SNOW STAR ,Netherlands,0.0
PHOTO FRAME CORNICE,Netherlands,0.0
PICNIC BASKET WICKER SMALL,Netherlands,0.0
PINK 3 PIECE POLKADOT CUTLERY SET,Netherlands,514.08
PINK HAPPY BIRTHDAY BUNTING,Netherlands,0.0
PLASTERS IN TIN SKULLS,Netherlands,835.1999999999999
PLEASE ONE PERSON METAL SIGN,Netherlands,0.0
POPCORN HOLDER,Netherlands,0.0
POSTAGE,Netherlands,1557.0
RAIN PONCHO RETROSPOT,Netherlands,517.2
RED  HARMONICA IN BOX ,Netherlands,0.0
RED 3 PIECE RETROSPOT CUTLERY SET,Netherlands,758.1600000000001
RED GINGHAM TEDDY BEAR ,Netherlands,244.79999999999998
RED HANGING HEART T-LIGHT HOLDER,Netherlands,17.700000000000003
RED KITCHEN SCALES,Netherlands,768.4000000000001
RED RETROSPOT BUTTER DISH,Netherlands,0.0
RED RETROSPOT CHARLOTTE BAG,Netherlands,1512.0
RED RETROSPOT CHILDRENS UMBRELLA,Netherlands,0.0
RED RETROSPOT SHOPPER BAG,Netherlands,530.0
RED RETROSPOT UMBRELLA,Netherlands,0.0
RED STRIPE CERAMIC DRAWER KNOB,Netherlands,338.52
REGENCY SUGAR TONGS,Netherlands,199.68
REGENCY TEA STRAINER,Netherlands,315.84000000000003
RETROSPOT CHILDRENS APRON,Netherlands,594.0
RETROSPOT HEART HOT WATER BOTTLE,Netherlands,612.0
RETROSPOT LARGE MILK JUG,Netherlands,0.0
RETROSPOT PADDED SEAT CUSHION,Netherlands,0.0
RETROSPOT RED WASHING UP GLOVES,Netherlands,50.400000000000006
RETROSPOT TEA SET CERAMIC 11 PC ,Netherlands,0.0
ROUND CAKE TIN VINTAGE RED,Netherlands,0.0
ROUND SNACK BOXES SET OF 4 FRUITS ,Netherlands,4039.2
SCOTTIE DOG HOT WATER BOTTLE,Netherlands,0.0
SET 6 PAPER TABLE LANTERN HEARTS ,Netherlands,631.6800000000001
SET 6 PAPER TABLE LANTERN STARS ,Netherlands,789.6000000000001
SET 7 BABUSHKA NESTING BOXES,Netherlands,200.60000000000002
SET OF 2 TEA TOWELS APPLE AND PEARS,Netherlands,1075.4
SET OF 20 KIDS COOKIE CUTTERS,Netherlands,25.200000000000003
SET OF 20 VINTAGE CHRISTMAS NAPKINS,Netherlands,0.0
SET OF 3 NOTEBOOKS IN PARCEL,Netherlands,696.0
SET OF 36 TEATIME PAPER DOILIES,Netherlands,720.0
SET OF 4 KNICK KNACK TINS LONDON ,Netherlands,544.15
SET OF 6 SOLDIER SKITTLES,Netherlands,0.0
SET OF 6 SPICE TINS PANTRY DESIGN,Netherlands,0.0
SET OF 9 BLACK SKULL BALLOONS,Netherlands,322.0
SET OF 9 HEART SHAPED BALLOONS,Netherlands,15.0
SET/10 BLUE POLKADOT PARTY CANDLES,Netherlands,945.8400000000001
SET/10 PINK POLKADOT PARTY CANDLES,Netherlands,915.8400000000001
SET/2 RED RETROSPOT TEA TOWELS ,Netherlands,608.5
SET/3 RED GINGHAM ROSE STORAGE BOX,Netherlands,503.16
SET/4 WHITE RETRO STORAGE CUBES ,Netherlands,0.0
SET/5 RED RETROSPOT LID GLASS BOWLS,Netherlands,163.2
SET/5 RED SPOTTY LID GLASS BOWLS,Netherlands,0.0
SKULL LUNCH BOX WITH CUTLERY ,Netherlands,630.0
SMALL POPCORN HOLDER,Netherlands,10.2
SMALL RED RETROSPOT WINDMILL,Netherlands,0.0
SOAP DISH BROCANTE,Netherlands,23.6
SPACEBOY CHILDRENS BOWL,Netherlands,857.2500000000001
STOOL HOME SWEET HOME ,Netherlands,0.0
STOP FOR TEA WALL ART,Netherlands,0.0
STRAWBERRY CERAMIC TRINKET BOX,Netherlands,30.0
STRAWBERRY CHARLOTTE BAG,Netherlands,512.5
STRAWBERRY FAIRY CAKE TEAPOT,Netherlands,0.0
STRAWBERRY LUNCH BOX WITH CUTLERY,Netherlands,2033.85
SWEETHEART RECIPE BOOK STAND,Netherlands,190.4
TABLECLOTH RED APPLES DESIGN ,Netherlands,34.0
TRADITIONAL WOODEN SKIPPING ROPE,Netherlands,0.0
TREASURE ISLAND BOOK BOX,Netherlands,0.0
VILLAGE SHOW WALL ART,Netherlands,0.0
VINTAGE CHRISTMAS TABLECLOTH,Netherlands,0.0
VINTAGE SNAP CARDS,Netherlands,0.0
WHITE SPOT RED CERAMIC DRAWER KNOB,Netherlands,527.04
WOODEN CROQUET GARDEN SET,Netherlands,14.95
WOODEN HAPPY BIRTHDAY GARLAND,Netherlands,0.0
WOODEN SCHOOL COLOURING SET,Netherlands,210.45
WOODLAND CHARLOTTE BAG,Netherlands,1664.5
WOODLAND MINI BACKPACK,Netherlands,750.0
YOU'RE CONFUSING ME METAL SIGN ,Netherlands,0.0
